Data,Tipo,Valor
Jul 1994,Depósitos.compulsórios,9.309894
Aug 1994,Depósitos.compulsórios,10.14507
Sep 1994,Depósitos.compulsórios,11.673224
Oct 1994,Depósitos.compulsórios,11.7113
Nov 1994,Depósitos.compulsórios,14.169439
Dec 1994,Depósitos.compulsórios,15.579286
Jan 1995,Depósitos.compulsórios,16.489097
Feb 1995,Depósitos.compulsórios,17.344582
Mar 1995,Depósitos.compulsórios,17.827044
Apr 1995,Depósitos.compulsórios,18.403569
May 1995,Depósitos.compulsórios,19.141816
Jun 1995,Depósitos.compulsórios,19.905701
Jul 1995,Depósitos.compulsórios,20.483696
Aug 1995,Depósitos.compulsórios,20.500593
Sep 1995,Depósitos.compulsórios,18.035046
Oct 1995,Depósitos.compulsórios,16.112308
Nov 1995,Depósitos.compulsórios,17.591
Dec 1995,Depósitos.compulsórios,17.784
Jan 1996,Depósitos.compulsórios,17.788
Feb 1996,Depósitos.compulsórios,18.051
Mar 1996,Depósitos.compulsórios,18.335
Apr 1996,Depósitos.compulsórios,18.391
May 1996,Depósitos.compulsórios,18.366
Jun 1996,Depósitos.compulsórios,18.246
Jul 1996,Depósitos.compulsórios,18.119
Aug 1996,Depósitos.compulsórios,18.715
Sep 1996,Depósitos.compulsórios,19.174
Oct 1996,Depósitos.compulsórios,22.285
Nov 1996,Depósitos.compulsórios,26.091
Dec 1996,Depósitos.compulsórios,28.875
Jan 1997,Depósitos.compulsórios,27.921
Feb 1997,Depósitos.compulsórios,25.743
Mar 1997,Depósitos.compulsórios,26.072
Apr 1997,Depósitos.compulsórios,26.332
May 1997,Depósitos.compulsórios,28.04
Jun 1997,Depósitos.compulsórios,28.838
Jul 1997,Depósitos.compulsórios,29.921
Aug 1997,Depósitos.compulsórios,30.126
Sep 1997,Depósitos.compulsórios,30.646
Oct 1997,Depósitos.compulsórios,32.408
Nov 1997,Depósitos.compulsórios,33.263
Dec 1997,Depósitos.compulsórios,34.332
Jan 1998,Depósitos.compulsórios,35.072
Feb 1998,Depósitos.compulsórios,36.228
Mar 1998,Depósitos.compulsórios,36.11
Apr 1998,Depósitos.compulsórios,36.478
May 1998,Depósitos.compulsórios,36.82
Jun 1998,Depósitos.compulsórios,37.254
Jul 1998,Depósitos.compulsórios,37.925
Aug 1998,Depósitos.compulsórios,37.797
Sep 1998,Depósitos.compulsórios,32.042
Oct 1998,Depósitos.compulsórios,19.472
Nov 1998,Depósitos.compulsórios,19.548
Dec 1998,Depósitos.compulsórios,19.927
Jan 1999,Depósitos.compulsórios,20.261
Feb 1999,Depósitos.compulsórios,19.813
Mar 1999,Depósitos.compulsórios,19.93
Apr 1999,Depósitos.compulsórios,19.748
May 1999,Depósitos.compulsórios,19.734
Jun 1999,Depósitos.compulsórios,19.648
Jul 1999,Depósitos.compulsórios,19.497
Aug 1999,Depósitos.compulsórios,16.002
Sep 1999,Depósitos.compulsórios,15.768
Oct 1999,Depósitos.compulsórios,15.326
Nov 1999,Depósitos.compulsórios,14.967
Dec 1999,Depósitos.compulsórios,15.132
Jan 2000,Depósitos.compulsórios,15.176
Feb 2000,Depósitos.compulsórios,15.167
Mar 2000,Depósitos.compulsórios,15.259
Apr 2000,Depósitos.compulsórios,15.052
May 2000,Depósitos.compulsórios,14.91
Jun 2000,Depósitos.compulsórios,15.046
Jul 2000,Depósitos.compulsórios,15.342
Aug 2000,Depósitos.compulsórios,15.538
Sep 2000,Depósitos.compulsórios,15.464
Oct 2000,Depósitos.compulsórios,14.974049
Nov 2000,Depósitos.compulsórios,14.681048
Dec 2000,Depósitos.compulsórios,14.902038
Jan 2001,Depósitos.compulsórios,15.22207
Feb 2001,Depósitos.compulsórios,15.157024
Mar 2001,Depósitos.compulsórios,15.159052
Apr 2001,Depósitos.compulsórios,15.065019
May 2001,Depósitos.compulsórios,15.184017
Jun 2001,Depósitos.compulsórios,15.536027
Jul 2001,Depósitos.compulsórios,15.945018
Aug 2001,Depósitos.compulsórios,16.228037
Sep 2001,Depósitos.compulsórios,16.508028
Oct 2001,Depósitos.compulsórios,16.774036
Nov 2001,Depósitos.compulsórios,17.06603
Dec 2001,Depósitos.compulsórios,17.820026
Jan 2002,Depósitos.compulsórios,17.934027
Feb 2002,Depósitos.compulsórios,17.903017
Mar 2002,Depósitos.compulsórios,17.930017
Apr 2002,Depósitos.compulsórios,17.859
May 2002,Depósitos.compulsórios,17.913
Jun 2002,Depósitos.compulsórios,18.339
Jul 2002,Depósitos.compulsórios,25.726
Aug 2002,Depósitos.compulsórios,32.487
Sep 2002,Depósitos.compulsórios,38.776
Oct 2002,Depósitos.compulsórios,54.001
Nov 2002,Depósitos.compulsórios,54.1
Dec 2002,Depósitos.compulsórios,54.777
Jan 2003,Depósitos.compulsórios,54.417
Feb 2003,Depósitos.compulsórios,55.76
Mar 2003,Depósitos.compulsórios,54.635
Apr 2003,Depósitos.compulsórios,54.881
May 2003,Depósitos.compulsórios,54.097
Jun 2003,Depósitos.compulsórios,53.858
Jul 2003,Depósitos.compulsórios,53.775
Aug 2003,Depósitos.compulsórios,54.309
Sep 2003,Depósitos.compulsórios,53.91
Oct 2003,Depósitos.compulsórios,54.241
Nov 2003,Depósitos.compulsórios,54.637
Dec 2003,Depósitos.compulsórios,56.866
Jan 2004,Depósitos.compulsórios,56.669
Feb 2004,Depósitos.compulsórios,56.473
Mar 2004,Depósitos.compulsórios,56.176
Apr 2004,Depósitos.compulsórios,56.999
May 2004,Depósitos.compulsórios,57.379
Jun 2004,Depósitos.compulsórios,59.099
Jul 2004,Depósitos.compulsórios,60.231
Aug 2004,Depósitos.compulsórios,61.359
Sep 2004,Depósitos.compulsórios,62.249
Oct 2004,Depósitos.compulsórios,63.237
Nov 2004,Depósitos.compulsórios,63.719
Dec 2004,Depósitos.compulsórios,66.042
Jan 2005,Depósitos.compulsórios,66.334
Feb 2005,Depósitos.compulsórios,66.619
Mar 2005,Depósitos.compulsórios,67.026
Apr 2005,Depósitos.compulsórios,67.826
May 2005,Depósitos.compulsórios,66.928
Jun 2005,Depósitos.compulsórios,67.731
Jul 2005,Depósitos.compulsórios,68.997
Aug 2005,Depósitos.compulsórios,68.856
Sep 2005,Depósitos.compulsórios,69.857
Oct 2005,Depósitos.compulsórios,69.731
Nov 2005,Depósitos.compulsórios,70.559
Dec 2005,Depósitos.compulsórios,73.32
Jan 2006,Depósitos.compulsórios,73.39
Feb 2006,Depósitos.compulsórios,73.949
Mar 2006,Depósitos.compulsórios,74.084
Apr 2006,Depósitos.compulsórios,74.719
May 2006,Depósitos.compulsórios,74.07
Jun 2006,Depósitos.compulsórios,76.312
Jul 2006,Depósitos.compulsórios,76.522
Aug 2006,Depósitos.compulsórios,76.92
Sep 2006,Depósitos.compulsórios,78.462
Oct 2006,Depósitos.compulsórios,78.656
Nov 2006,Depósitos.compulsórios,80.708
Dec 2006,Depósitos.compulsórios,83.147
Jan 2007,Depósitos.compulsórios,83.904
Feb 2007,Depósitos.compulsórios,84.568
Mar 2007,Depósitos.compulsórios,85.295
Apr 2007,Depósitos.compulsórios,86.136
May 2007,Depósitos.compulsórios,87.244
Jun 2007,Depósitos.compulsórios,88.668
Jul 2007,Depósitos.compulsórios,90.277
Aug 2007,Depósitos.compulsórios,91.991
Sep 2007,Depósitos.compulsórios,95.004
Oct 2007,Depósitos.compulsórios,96.271
Nov 2007,Depósitos.compulsórios,97.973
Dec 2007,Depósitos.compulsórios,102.223
Jan 2008,Depósitos.compulsórios,102.626
Feb 2008,Depósitos.compulsórios,103.757
Mar 2008,Depósitos.compulsórios,105.209
Apr 2008,Depósitos.compulsórios,108.261
May 2008,Depósitos.compulsórios,110.288
Jun 2008,Depósitos.compulsórios,112.824
Jul 2008,Depósitos.compulsórios,115.615
Aug 2008,Depósitos.compulsórios,118.642
Sep 2008,Depósitos.compulsórios,117.971
Oct 2008,Depósitos.compulsórios,96.923
Nov 2008,Depósitos.compulsórios,99.793457
Dec 2008,Depósitos.compulsórios,58.072
Jan 2009,Depósitos.compulsórios,57.545
Feb 2009,Depósitos.compulsórios,57.705
Mar 2009,Depósitos.compulsórios,57.672
Apr 2009,Depósitos.compulsórios,58.279
May 2009,Depósitos.compulsórios,58.487
Jun 2009,Depósitos.compulsórios,59.194
Jul 2009,Depósitos.compulsórios,60.387
Aug 2009,Depósitos.compulsórios,62.092
Sep 2009,Depósitos.compulsórios,63.157
Oct 2009,Depósitos.compulsórios,59.837
Nov 2009,Depósitos.compulsórios,60.438
Dec 2009,Depósitos.compulsórios,62.85
Jan 2010,Depósitos.compulsórios,63.786
Feb 2010,Depósitos.compulsórios,64.058
Mar 2010,Depósitos.compulsórios,153.098
Apr 2010,Depósitos.compulsórios,216.373
May 2010,Depósitos.compulsórios,218.365
Jun 2010,Depósitos.compulsórios,221.699
Jul 2010,Depósitos.compulsórios,227.773
Aug 2010,Depósitos.compulsórios,238.567
Sep 2010,Depósitos.compulsórios,245.09
Oct 2010,Depósitos.compulsórios,248.887
Nov 2010,Depósitos.compulsórios,256.377
Dec 2010,Depósitos.compulsórios,323.708
Jan 2011,Depósitos.compulsórios,334.988
Feb 2011,Depósitos.compulsórios,336.769
Mar 2011,Depósitos.compulsórios,340.65
Apr 2011,Depósitos.compulsórios,345.487
May 2011,Depósitos.compulsórios,346.225
Jun 2011,Depósitos.compulsórios,348.324
Jul 2011,Depósitos.compulsórios,357.321
Aug 2011,Depósitos.compulsórios,358.321
Sep 2011,Depósitos.compulsórios,367.274
Oct 2011,Depósitos.compulsórios,374.383
Nov 2011,Depósitos.compulsórios,375.047
Dec 2011,Depósitos.compulsórios,373.435
Jan 2012,Depósitos.compulsórios,360.903
Feb 2012,Depósitos.compulsórios,345.818
Mar 2012,Depósitos.compulsórios,329.976
Apr 2012,Depósitos.compulsórios,327.115
May 2012,Depósitos.compulsórios,328.973
Jun 2012,Depósitos.compulsórios,326.514
Jul 2012,Depósitos.compulsórios,312.455
Aug 2012,Depósitos.compulsórios,310.801
Sep 2012,Depósitos.compulsórios,299.292
Oct 2012,Depósitos.compulsórios,284.608
Nov 2012,Depósitos.compulsórios,276.073
Dec 2012,Depósitos.compulsórios,274.087
Jan 2013,Depósitos.compulsórios,278.411
Feb 2013,Depósitos.compulsórios,278.762
Mar 2013,Depósitos.compulsórios,279.708
Apr 2013,Depósitos.compulsórios,278.673
May 2013,Depósitos.compulsórios,280.863
Jun 2013,Depósitos.compulsórios,287.587
Jul 2013,Depósitos.compulsórios,293.288
Aug 2013,Depósitos.compulsórios,308.411
Sep 2013,Depósitos.compulsórios,306.696
Oct 2013,Depósitos.compulsórios,308.61
Nov 2013,Depósitos.compulsórios,314.473
Dec 2013,Depósitos.compulsórios,323.586
Jan 2014,Depósitos.compulsórios,334.735
Feb 2014,Depósitos.compulsórios,340.035
Mar 2014,Depósitos.compulsórios,343.987
Apr 2014,Depósitos.compulsórios,343.3
May 2014,Depósitos.compulsórios,346.508
Jun 2014,Depósitos.compulsórios,349.104
Jul 2014,Depósitos.compulsórios,355.905
Aug 2014,Depósitos.compulsórios,315.619
Sep 2014,Depósitos.compulsórios,298.389
Oct 2014,Depósitos.compulsórios,297.547
Nov 2014,Depósitos.compulsórios,287.535
Dec 2014,Depósitos.compulsórios,283.071
Jan 2015,Depósitos.compulsórios,285.068
Feb 2015,Depósitos.compulsórios,281.405
Mar 2015,Depósitos.compulsórios,282.132
Apr 2015,Depósitos.compulsórios,282.751
May 2015,Depósitos.compulsórios,285.713
Jun 2015,Depósitos.compulsórios,281.321
Jul 2015,Depósitos.compulsórios,288.648
Aug 2015,Depósitos.compulsórios,295.193
Sep 2015,Depósitos.compulsórios,325.447
Oct 2015,Depósitos.compulsórios,325.692
Nov 2015,Depósitos.compulsórios,327.764
Dec 2015,Depósitos.compulsórios,338.581
Jan 2016,Depósitos.compulsórios,340.555
Feb 2016,Depósitos.compulsórios,340.632
Mar 2016,Depósitos.compulsórios,336.068
Apr 2016,Depósitos.compulsórios,333.736
May 2016,Depósitos.compulsórios,343.132
Jun 2016,Depósitos.compulsórios,348.923
Jul 2016,Depósitos.compulsórios,350.229
Aug 2016,Depósitos.compulsórios,359.298
Sep 2016,Depósitos.compulsórios,364.668
Oct 2016,Depósitos.compulsórios,365.036
Nov 2016,Depósitos.compulsórios,369.174
Dec 2016,Depósitos.compulsórios,371.051
Jan 2017,Depósitos.compulsórios,380.303
Feb 2017,Depósitos.compulsórios,381.04
Mar 2017,Depósitos.compulsórios,385.872
Apr 2017,Depósitos.compulsórios,387.136
May 2017,Depósitos.compulsórios,393.995
Jun 2017,Depósitos.compulsórios,398.95
Jul 2017,Depósitos.compulsórios,396.403
Aug 2017,Depósitos.compulsórios,410.203
Sep 2017,Depósitos.compulsórios,412.083
Oct 2017,Depósitos.compulsórios,413.62
Nov 2017,Depósitos.compulsórios,410.363
Dec 2017,Depósitos.compulsórios,407.303
Jan 2018,Depósitos.compulsórios,404.321
Feb 2018,Depósitos.compulsórios,402.768
Mar 2018,Depósitos.compulsórios,403.655
Apr 2018,Depósitos.compulsórios,411.668
May 2018,Depósitos.compulsórios,386.257
Jun 2018,Depósitos.compulsórios,387.903
Jul 2018,Depósitos.compulsórios,396.123
Aug 2018,Depósitos.compulsórios,382.93
Sep 2018,Depósitos.compulsórios,392.221
Oct 2018,Depósitos.compulsórios,398.277
Nov 2018,Depósitos.compulsórios,398.344
Dec 2018,Depósitos.compulsórios,407.021
Jan 2019,Depósitos.compulsórios,407.111
Feb 2019,Depósitos.compulsórios,400.142
Mar 2019,Depósitos.compulsórios,402.423
Apr 2019,Depósitos.compulsórios,407.191
May 2019,Depósitos.compulsórios,408.79
Jun 2019,Depósitos.compulsórios,411.112
Jul 2019,Depósitos.compulsórios,394.29
Aug 2019,Depósitos.compulsórios,396.921
Sep 2019,Depósitos.compulsórios,401.837
Oct 2019,Depósitos.compulsórios,401.462
Nov 2019,Depósitos.compulsórios,405.332
Dec 2019,Depósitos.compulsórios,413.618
Jan 2020,Depósitos.compulsórios,415.834
Feb 2020,Depósitos.compulsórios,414.885
Mar 2020,Depósitos.compulsórios,307.633
Apr 2020,Depósitos.compulsórios,337.946
May 2020,Depósitos.compulsórios,356.833
Jun 2020,Depósitos.compulsórios,372.591
Jul 2020,Depósitos.compulsórios,365.631
Aug 2020,Depósitos.compulsórios,363.372
Sep 2020,Depósitos.compulsórios,354.594
Oct 2020,Depósitos.compulsórios,359.401
Nov 2020,Depósitos.compulsórios,359.195
Dec 2020,Depósitos.compulsórios,357.259
Jul 1994,Titulos.Públicos.Totais,56.414624
Aug 1994,Titulos.Públicos.Totais,56.349172
Sep 1994,Titulos.Públicos.Totais,53.072304
Oct 1994,Titulos.Públicos.Totais,54.584
Nov 1994,Titulos.Públicos.Totais,52.755
Dec 1994,Titulos.Públicos.Totais,47.47
Jan 1995,Titulos.Públicos.Totais,47.137
Feb 1995,Titulos.Públicos.Totais,48.283
Mar 1995,Titulos.Públicos.Totais,46.773
Apr 1995,Titulos.Públicos.Totais,47.067019
May 1995,Titulos.Públicos.Totais,48.958
Jun 1995,Titulos.Públicos.Totais,48.536
Jul 1995,Titulos.Públicos.Totais,60.413
Aug 1995,Titulos.Públicos.Totais,69.615
Sep 1995,Titulos.Públicos.Totais,75.11
Oct 1995,Titulos.Públicos.Totais,79.063
Nov 1995,Titulos.Públicos.Totais,84.086
Dec 1995,Titulos.Públicos.Totais,82.825
Jan 1996,Titulos.Públicos.Totais,89.067
Feb 1996,Titulos.Públicos.Totais,99.108
Mar 1996,Titulos.Públicos.Totais,103.132
Apr 1996,Titulos.Públicos.Totais,106.97
May 1996,Titulos.Públicos.Totais,119.603
Jun 1996,Titulos.Públicos.Totais,122.379
Jul 1996,Titulos.Públicos.Totais,124.362
Aug 1996,Titulos.Públicos.Totais,128.295
Sep 1996,Titulos.Públicos.Totais,125.293
Oct 1996,Titulos.Públicos.Totais,130.545
Nov 1996,Titulos.Públicos.Totais,135.786
Dec 1996,Titulos.Públicos.Totais,135.379
Jan 1997,Titulos.Públicos.Totais,134.371
Feb 1997,Titulos.Públicos.Totais,141.942
Mar 1997,Titulos.Públicos.Totais,145.78
Apr 1997,Titulos.Públicos.Totais,141.842
May 1997,Titulos.Públicos.Totais,151.137
Jun 1997,Titulos.Públicos.Totais,149.701
Jul 1997,Titulos.Públicos.Totais,153.464
Aug 1997,Titulos.Públicos.Totais,160.259
Sep 1997,Titulos.Públicos.Totais,168.645
Oct 1997,Titulos.Públicos.Totais,162.33
Nov 1997,Titulos.Públicos.Totais,163.606
Dec 1997,Titulos.Públicos.Totais,213.91
Jan 1998,Titulos.Públicos.Totais,219.318
Feb 1998,Titulos.Públicos.Totais,228.918
Mar 1998,Titulos.Públicos.Totais,244.628
Apr 1998,Titulos.Públicos.Totais,248.742
May 1998,Titulos.Públicos.Totais,251.275
Jun 1998,Titulos.Públicos.Totais,265.525
Jul 1998,Titulos.Públicos.Totais,273.414
Aug 1998,Titulos.Públicos.Totais,268.607
Sep 1998,Titulos.Públicos.Totais,258.182
Oct 1998,Titulos.Públicos.Totais,277.574
Nov 1998,Titulos.Públicos.Totais,291.68
Dec 1998,Titulos.Públicos.Totais,293.234
Jan 1999,Titulos.Públicos.Totais,328.443
Feb 1999,Titulos.Públicos.Totais,344.089
Mar 1999,Titulos.Públicos.Totais,330.879
Apr 1999,Titulos.Públicos.Totais,329.486
May 1999,Titulos.Públicos.Totais,336.372
Jun 1999,Titulos.Públicos.Totais,347.929
Jul 1999,Titulos.Públicos.Totais,346.262
Aug 1999,Titulos.Públicos.Totais,362.93
Sep 1999,Titulos.Públicos.Totais,363.135
Oct 1999,Titulos.Públicos.Totais,373.133
Nov 1999,Titulos.Públicos.Totais,375.705
Dec 1999,Titulos.Públicos.Totais,383.57
Jan 2000,Titulos.Públicos.Totais,402.619
Feb 2000,Titulos.Públicos.Totais,409.011
Mar 2000,Titulos.Públicos.Totais,415.146
Apr 2000,Titulos.Públicos.Totais,423.686
May 2000,Titulos.Públicos.Totais,444.767
Jun 2000,Titulos.Públicos.Totais,454.547
Jul 2000,Titulos.Públicos.Totais,457.459
Aug 2000,Titulos.Públicos.Totais,460.065
Sep 2000,Titulos.Públicos.Totais,468.275
Oct 2000,Titulos.Públicos.Totais,478.844
Nov 2000,Titulos.Públicos.Totais,479.115
Dec 2000,Titulos.Públicos.Totais,476.105
Jan 2001,Titulos.Públicos.Totais,493.315
Feb 2001,Titulos.Públicos.Totais,493.754
Mar 2001,Titulos.Públicos.Totais,508.745
Apr 2001,Titulos.Públicos.Totais,512.089
May 2001,Titulos.Públicos.Totais,519.578
Jun 2001,Titulos.Públicos.Totais,536.305
Jul 2001,Titulos.Públicos.Totais,573.026
Aug 2001,Titulos.Públicos.Totais,579.23
Sep 2001,Titulos.Públicos.Totais,584.233
Oct 2001,Titulos.Públicos.Totais,594.269
Nov 2001,Titulos.Públicos.Totais,580.026
Dec 2001,Titulos.Públicos.Totais,575.596
Jan 2002,Titulos.Públicos.Totais,595.327
Feb 2002,Titulos.Públicos.Totais,596.085
Mar 2002,Titulos.Públicos.Totais,599.594
Apr 2002,Titulos.Públicos.Totais,610.829
May 2002,Titulos.Públicos.Totais,619.298
Jun 2002,Titulos.Públicos.Totais,646.36
Jul 2002,Titulos.Públicos.Totais,664.84
Aug 2002,Titulos.Públicos.Totais,631.362
Sep 2002,Titulos.Públicos.Totais,673.122
Oct 2002,Titulos.Públicos.Totais,660.787
Nov 2002,Titulos.Públicos.Totais,665.194
Dec 2002,Titulos.Públicos.Totais,659.955
Jan 2003,Titulos.Públicos.Totais,697.198
Feb 2003,Titulos.Públicos.Totais,690.192
Mar 2003,Titulos.Públicos.Totais,689.542
Apr 2003,Titulos.Públicos.Totais,665.492
May 2003,Titulos.Públicos.Totais,678.14
Jun 2003,Titulos.Públicos.Totais,686.795
Jul 2003,Titulos.Públicos.Totais,704.302
Aug 2003,Titulos.Públicos.Totais,723.347
Sep 2003,Titulos.Públicos.Totais,737.279
Oct 2003,Titulos.Públicos.Totais,741.424
Nov 2003,Titulos.Públicos.Totais,751.962
Dec 2003,Titulos.Públicos.Totais,756.809
Jan 2004,Titulos.Públicos.Totais,782.902
Feb 2004,Titulos.Públicos.Totais,784.831
Mar 2004,Titulos.Públicos.Totais,797.55
Apr 2004,Titulos.Públicos.Totais,797.219
May 2004,Titulos.Públicos.Totais,805.256299
Jun 2004,Titulos.Públicos.Totais,809.215
Jul 2004,Titulos.Públicos.Totais,810.67248
Aug 2004,Titulos.Públicos.Totais,812.735279
Sep 2004,Titulos.Públicos.Totais,817.184
Oct 2004,Titulos.Públicos.Totais,822.642
Nov 2004,Titulos.Públicos.Totais,825.077539
Dec 2004,Titulos.Públicos.Totais,824.457964
Jan 2005,Titulos.Públicos.Totais,850.670923
Feb 2005,Titulos.Públicos.Totais,867.588
Mar 2005,Titulos.Públicos.Totais,886.874
Apr 2005,Titulos.Públicos.Totais,886.637001
May 2005,Titulos.Públicos.Totais,893.348001
Jun 2005,Titulos.Públicos.Totais,907.22455
Jul 2005,Titulos.Públicos.Totais,921.64136800000006
Aug 2005,Titulos.Públicos.Totais,935.175788
Sep 2005,Titulos.Públicos.Totais,946.101309
Oct 2005,Titulos.Públicos.Totais,964.37
Nov 2005,Titulos.Públicos.Totais,972.379009
Dec 2005,Titulos.Públicos.Totais,979.484
Jan 2006,Titulos.Públicos.Totais,1017.968478
Feb 2006,Titulos.Públicos.Totais,1027.153501
Mar 2006,Titulos.Públicos.Totais,1044.989
Apr 2006,Titulos.Públicos.Totais,1053.900801
May 2006,Titulos.Públicos.Totais,1067.857187
Jun 2006,Titulos.Públicos.Totais,1066.401
Jul 2006,Titulos.Públicos.Totais,1088.251596
Aug 2006,Titulos.Públicos.Totais,1095.932
Sep 2006,Titulos.Públicos.Totais,1111.971
Oct 2006,Titulos.Públicos.Totais,1128.569
Nov 2006,Titulos.Públicos.Totais,1132.962
Dec 2006,Titulos.Públicos.Totais,1132.596
Jan 2007,Titulos.Públicos.Totais,1167.042
Feb 2007,Titulos.Públicos.Totais,1197.661
Mar 2007,Titulos.Públicos.Totais,1227.235
Apr 2007,Titulos.Públicos.Totais,1246.217
May 2007,Titulos.Públicos.Totais,1290.859
Jun 2007,Titulos.Públicos.Totais,1313.108
Jul 2007,Titulos.Públicos.Totais,1339.361
Aug 2007,Titulos.Públicos.Totais,1352.04
Sep 2007,Titulos.Públicos.Totais,1356.116
Oct 2007,Titulos.Públicos.Totais,1365.6
Nov 2007,Titulos.Públicos.Totais,1375.183
Dec 2007,Titulos.Públicos.Totais,1367.778
Jan 2008,Titulos.Públicos.Totais,1415.79
Feb 2008,Titulos.Públicos.Totais,1425.056
Mar 2008,Titulos.Públicos.Totais,1439.578
Apr 2008,Titulos.Públicos.Totais,1451.485
May 2008,Titulos.Públicos.Totais,1450.177
Jun 2008,Titulos.Públicos.Totais,1468.052
Jul 2008,Titulos.Públicos.Totais,1496.059
Aug 2008,Titulos.Públicos.Totais,1495.742
Sep 2008,Titulos.Públicos.Totais,1505.225349
Oct 2008,Titulos.Públicos.Totais,1524.846639
Nov 2008,Titulos.Públicos.Totais,1512.676417
Dec 2008,Titulos.Públicos.Totais,1562.667305
Jan 2009,Titulos.Públicos.Totais,1597.820467
Feb 2009,Titulos.Públicos.Totais,1607.761873
Mar 2009,Titulos.Públicos.Totais,1632.215053
Apr 2009,Titulos.Públicos.Totais,1627.509837
May 2009,Titulos.Públicos.Totais,1652.733284
Jun 2009,Titulos.Públicos.Totais,1700.925342
Jul 2009,Titulos.Públicos.Totais,1751.797812
Aug 2009,Titulos.Públicos.Totais,1792.606923
Sep 2009,Titulos.Públicos.Totais,1810.584721
Oct 2009,Titulos.Públicos.Totais,1830.285973
Nov 2009,Titulos.Públicos.Totais,1826.305626
Dec 2009,Titulos.Públicos.Totais,1822.427824
Jan 2010,Titulos.Públicos.Totais,1862.352
Feb 2010,Titulos.Públicos.Totais,1867.202
Mar 2010,Titulos.Públicos.Totais,1802.978
Apr 2010,Titulos.Públicos.Totais,1826.574
May 2010,Titulos.Públicos.Totais,1845.299
Jun 2010,Titulos.Públicos.Totais,1866.381
Jul 2010,Titulos.Públicos.Totais,1884.255
Aug 2010,Titulos.Públicos.Totais,1887.654
Sep 2010,Titulos.Públicos.Totais,1913.089
Oct 2010,Titulos.Públicos.Totais,1942.361
Nov 2010,Titulos.Públicos.Totais,1953.58
Dec 2010,Titulos.Públicos.Totais,1866.243
Jan 2011,Titulos.Públicos.Totais,1921.132
Feb 2011,Titulos.Públicos.Totais,1948.437
Mar 2011,Titulos.Públicos.Totais,1980.369
Apr 2011,Titulos.Públicos.Totais,2006.523
May 2011,Titulos.Públicos.Totais,2017.265
Jun 2011,Titulos.Públicos.Totais,2054.382
Jul 2011,Titulos.Públicos.Totais,2080.503
Aug 2011,Titulos.Públicos.Totais,2089.274
Sep 2011,Titulos.Públicos.Totais,2085.427
Oct 2011,Titulos.Públicos.Totais,2096.836
Nov 2011,Titulos.Públicos.Totais,2106.675
Dec 2011,Titulos.Públicos.Totais,2098.777
Jan 2012,Titulos.Públicos.Totais,2152.898
Feb 2012,Titulos.Públicos.Totais,2191.919
Mar 2012,Titulos.Públicos.Totais,2230
Apr 2012,Titulos.Públicos.Totais,2265.331
May 2012,Titulos.Públicos.Totais,2275.489
Jun 2012,Titulos.Públicos.Totais,2299.492
Jul 2012,Titulos.Públicos.Totais,2325.906
Aug 2012,Titulos.Públicos.Totais,2338.39
Sep 2012,Titulos.Públicos.Totais,2387.938
Oct 2012,Titulos.Públicos.Totais,2436.1
Nov 2012,Titulos.Públicos.Totais,2456.416
Dec 2012,Titulos.Públicos.Totais,2416.306
Jan 2013,Titulos.Públicos.Totais,2460.605
Feb 2013,Titulos.Públicos.Totais,2477.095
Mar 2013,Titulos.Públicos.Totais,2496.04
Apr 2013,Titulos.Públicos.Totais,2516.367
May 2013,Titulos.Públicos.Totais,2529.721
Jun 2013,Titulos.Públicos.Totais,2531.119
Jul 2013,Titulos.Públicos.Totais,2551.534
Aug 2013,Titulos.Públicos.Totais,2552.665
Sep 2013,Titulos.Públicos.Totais,2553.99
Oct 2013,Titulos.Públicos.Totais,2585.423
Nov 2013,Titulos.Públicos.Totais,2572.278
Dec 2013,Titulos.Públicos.Totais,2531.483
Jan 2014,Titulos.Públicos.Totais,2608.074
Feb 2014,Titulos.Públicos.Totais,2596.675
Mar 2014,Titulos.Públicos.Totais,2615.555
Apr 2014,Titulos.Públicos.Totais,2641.133
May 2014,Titulos.Públicos.Totais,2669.738
Jun 2014,Titulos.Públicos.Totais,2719.909
Jul 2014,Titulos.Públicos.Totais,2761.34
Aug 2014,Titulos.Públicos.Totais,2801.339
Sep 2014,Titulos.Públicos.Totais,2877.417
Oct 2014,Titulos.Públicos.Totais,2912.145
Nov 2014,Titulos.Públicos.Totais,2948.271
Dec 2014,Titulos.Públicos.Totais,2966.32
Jan 2015,Titulos.Públicos.Totais,3030.057
Feb 2015,Titulos.Públicos.Totais,3085.868
Mar 2015,Titulos.Públicos.Totais,3156.435
Apr 2015,Titulos.Públicos.Totais,3156.965
May 2015,Titulos.Públicos.Totais,3215.192
Jun 2015,Titulos.Públicos.Totais,3268.967
Jul 2015,Titulos.Públicos.Totais,3349.139
Aug 2015,Titulos.Públicos.Totais,3393.006
Sep 2015,Titulos.Públicos.Totais,3414.552
Oct 2015,Titulos.Públicos.Totais,3439.122
Nov 2015,Titulos.Públicos.Totais,3468.602
Dec 2015,Titulos.Públicos.Totais,3533.57
Jan 2016,Titulos.Públicos.Totais,3604.172
Feb 2016,Titulos.Públicos.Totais,3627.578
Mar 2016,Titulos.Públicos.Totais,3634.866
Apr 2016,Titulos.Públicos.Totais,3673.038
May 2016,Titulos.Públicos.Totais,3732.134
Jun 2016,Titulos.Públicos.Totais,3768.38
Jul 2016,Titulos.Públicos.Totais,3859.881
Aug 2016,Titulos.Públicos.Totais,3910.533
Sep 2016,Titulos.Públicos.Totais,3963.362
Oct 2016,Titulos.Públicos.Totais,3965.748
Nov 2016,Titulos.Públicos.Totais,4034.907
Dec 2016,Titulos.Públicos.Totais,3998.466
Jan 2017,Titulos.Públicos.Totais,4045.954
Feb 2017,Titulos.Públicos.Totais,4097.823
Mar 2017,Titulos.Públicos.Totais,4164.706
Apr 2017,Titulos.Públicos.Totais,4183.934
May 2017,Titulos.Públicos.Totais,4262.216
Jun 2017,Titulos.Públicos.Totais,4298.895
Jul 2017,Titulos.Públicos.Totais,4369.019
Aug 2017,Titulos.Públicos.Totais,4409.851
Sep 2017,Titulos.Públicos.Totais,4426.061
Oct 2017,Titulos.Públicos.Totais,4455.878
Nov 2017,Titulos.Públicos.Totais,4472.822
Dec 2017,Titulos.Públicos.Totais,4462.47
Jan 2018,Titulos.Públicos.Totais,4525.068
Feb 2018,Titulos.Públicos.Totais,4566.89
Mar 2018,Titulos.Públicos.Totais,4584.467
Apr 2018,Titulos.Públicos.Totais,4628.227
May 2018,Titulos.Públicos.Totais,4694.601
Jun 2018,Titulos.Públicos.Totais,4715.169
Jul 2018,Titulos.Públicos.Totais,4753.281
Aug 2018,Titulos.Públicos.Totais,4760.788
Sep 2018,Titulos.Públicos.Totais,4792.52
Oct 2018,Titulos.Públicos.Totais,4796.163
Nov 2018,Titulos.Públicos.Totais,4836.109
Dec 2018,Titulos.Públicos.Totais,4827.611
Jan 2019,Titulos.Públicos.Totais,4880.241
Feb 2019,Titulos.Públicos.Totais,4904.109
Mar 2019,Titulos.Públicos.Totais,4978.832
Apr 2019,Titulos.Públicos.Totais,5021.46
May 2019,Titulos.Públicos.Totais,5020.894
Jun 2019,Titulos.Públicos.Totais,5047.796
Jul 2019,Titulos.Públicos.Totais,5105.983
Aug 2019,Titulos.Públicos.Totais,5142.195
Sep 2019,Titulos.Públicos.Totais,5101.817
Oct 2019,Titulos.Públicos.Totais,5078.101
Nov 2019,Titulos.Públicos.Totais,5101.584
Dec 2019,Titulos.Públicos.Totais,5011.376
Jan 2020,Titulos.Públicos.Totais,5049.641
Feb 2020,Titulos.Públicos.Totais,5091.457
Mar 2020,Titulos.Públicos.Totais,5180.03
Apr 2020,Titulos.Públicos.Totais,5211.311
May 2020,Titulos.Públicos.Totais,5321.305
Jun 2020,Titulos.Públicos.Totais,5515.174
Jul 2020,Titulos.Públicos.Totais,5596.805
Aug 2020,Titulos.Públicos.Totais,5750.755
Sep 2020,Titulos.Públicos.Totais,5879.515
Oct 2020,Titulos.Públicos.Totais,5905.841
Nov 2020,Titulos.Públicos.Totais,5925.97
Dec 2020,Titulos.Públicos.Totais,5981.396
